[
	{
		"CategoryName" : "Adventure Games",
		"Category" : "AG",
		"NumberOfProducts" : 2
	},
	{
		"CategoryName" : "Sport Games",
		"Category" : "SG",
		"NumberOfProducts" : 3
	},
	{
		"CategoryName" : "RPG Games",
		"Category" : "RPG",
		"NumberOfProducts" : 1
	},
	{
		"CategoryName": "Open World",
		"Category": "OW",
		"NumberOfProducts" : 2
	},
	{
		"CategoryName": "Farm Games",
		"Category": "FG",
		"NumberOfProducts": 1
	}, 
	{
		"CategoryName": "Puzzle Games",
		"Category": "PG",
		"NumberOfProducts": 1
	}
]