[
	{
		"ProductId": "1",
		"Category": "AG",
		"MainCategory": "Adventure Games",
		"Name": "Minecraft",
		"Developer": "Microsoft",
		"SupplierName": "GOTY",
		"Description": "Explore your original world, survive the night and create anything you can imagine!",
		"PictureUrl": "sap/ui/demo/mock/images/minecraft.png",
		"Price": "23.95",
		"CurrencyCode": "EUR",
		"Rating": 93,
		"BannerUrl":"sap/ui/demo/mock/images/minecraft2.jpeg"

	},
	{
		"ProductId": "2",
		"Category": "SG",
		"MainCategory": "Sport Games",
		"Name": "Rocket League",
		"Developer": "Psyonix",
		"SupplierName": "Futuristic Game",
		"Description": "Is a futuristic racing action game that lets you send turbos to hit balls, score goals and make epic saves in all kinds of arenas full of details!",
		"PictureUrl": "sap/ui/demo/mock/images/rocketleague.jpg",
		"Price": "0",
		"CurrencyCode": "EUR",
		"Rating": "86",
		"BannerUrl":"sap/ui/demo/mock/images/rocketleague2.jpg"
	},
	{
		"ProductId": "3",
		"Category": "RPG",
		"MainCategory": "RPG Games",
		"Name": "Old School RuneScape",
		"Developer": "Jagex",
		"SupplierName": "Cool Game",
		"Description": "Rooted in the origin of MMOs, Old School RuneScape is the only ever-lasting, ever-evolving adventure that is shaped by you!",
		"PictureUrl": "sap/ui/demo/mock/images/oldschoolrunescape.jpg",
		"Price": "0",
		"CurrencyCode": "EUR",
		"Rating": "82",
		"BannerUrl":"sap/ui/demo/mock/images/oldschoolrunescape2.jpg"
	},
	{
		"ProductId": "4",
		"Category": "AG",
		"MainCategory": "Aventure Games",
		"Name": "The Legend of Zelda: Breath of the Wild",
		"Developer": "Nintendo Entertainment Planning & Development",
		"SupplierName": "Step into a world of discovery!",
		"Description": "Breath of the Wild was critically acclaimed upon release, being praised for the depth of its open-world gameplay and attention to detail, with numerous peer-reviewed publications calling it one of the best video games of all time, with the only criticism being directed at it. for minor technical problems at the time of debut.",
		"PictureUrl": "sap/ui/demo/mock/images/thelegendofzeldabotw.jpg",
		"Price": "69.99",
		"CurrencyCode": "EUR",
		"Rating": "97",
		"BannerUrl":"sap/ui/demo/mock/images/thelegendofzeldabotw2.jpg"
	},
	{
		"ProductId": "5",
		"Category": "SG",
		"MainCategory": "Sport Games",
		"Name": "Fifa 22",
		"Developer": "EA SPORTS",
		"SupplierName": "Have Fun!",
		"Description": "Is the best known football simulator in the world, which has undergone profound improvements in terms of graphics, sound and gameplay, especially in the PS5 version!",
		"PictureUrl": "sap/ui/demo/mock/images/fifa22.jpg",
		"Price": "59.99",
		"CurrencyCode": "EUR",
		"Rating": "73",
		"BannerUrl":"sap/ui/demo/mock/images/fifa222.jpg"
	},
	{
		"ProductId": "6",
		"Category": "OW",
		"MainCategory": "Open World",
		"Name": "Elden Ring",
		"Developer": "From Software",
		"SupplierName": "Fantasy!",
		"Description": "THE NEW ACTION FANTASY RPG. Rise, Tainted, and let grace guide you to wield the power of the Elden Ring and become an Elden Lord in the Midlands!",
		"PictureUrl": "sap/ui/demo/mock/images/eldenring.jpg",
		"Price": "59.99",
		"CurrencyCode": "EUR",
		"Rating": "94",
		"BannerUrl":"sap/ui/demo/mock/images/eldenring2.jpg"
	},
	{
		"ProductId": "7",
		"Category": "OW",
		"MainCategory": "Open World",
		"Name": "Red Dead Redemption II",
		"Developer": "RockStar Games",
		"SupplierName": "Winner of over 175 Game of the Year!",
		"Description": "RDR2 is the epic tale of outlaw Arthur Morgan and the infamous Van der Linde gang, on the run across America at the dawn of the modern age. Also includes access to the shared living world of Red Dead Online!",
		"PictureUrl": "sap/ui/demo/mock/images/reddeadredemptionII.jpg",
		"Price": "59.99",
		"CurrencyCode": "EUR",
		"Rating": "97",
		"BannerUrl":"sap/ui/demo/mock/images/rdr2.jpg"
	},
	{
		"ProductId": "8",
		"Category": "SG",
		"MainCategory": "Sport Games",
		"Name": "Forza Horizon 5",
		"Developer": "Playground Games",
		"SupplierName": "Speed!",
		"Description": "This is your Horizon Adventure! Lead dazzling expeditions across Mexico's vibrant, ever-evolving open-world landscapes. Enjoy limitless action behind the wheel in the best cars in the world!",
		"PictureUrl": "sap/ui/demo/mock/images/forzahorizon5.jpg",
		"Price": "59.99",
		"CurrencyCode": "EUR",
		"Rating": "91",
		"BannerUrl":"sap/ui/demo/mock/images/fh5.jpg"
	}, 
	{
		"ProductId": "9",
		"Category": "FG",
		"MainCategory": "Farm Games",
		"Name": "Stardew Valley",
		"Developer": "Eric Barone",
		"SupplierName": "Discover!",
		"Description": "You've inherited your grandfather's old farm plot in Stardew Valley. Armed with hand-me-down tools and a few coins, you set out to begin your new life. Can you learn to live off the land and turn these overgrown fields into a thriving home?",
		"PictureUrl": "sap/ui/demo/mock/images/StardewValley.jpg",
		"Price": "13.99",
		"CurrencyCode": "EUR",
		"Rating": "89",
		"BannerUrl":"sap/ui/demo/mock/images/StardewValley2.jpg"
	}, 
	{
		"ProductId": "10",
		"Category": "PG",
		"MainCategory": "Puzzle Games",
		"Name": "Portal 2",
		"Developer": "Valve Corporation",
		"SupplierName": "Puzzles!",
		"Description": "The single-player portion of Portal 2 introduces a cast of dynamic new characters, new puzzle elements, and a much larger set of devious test chambers.",
		"PictureUrl": "sap/ui/demo/mock/images/portal2.jpg",
		"Price": "8.19",
		"CurrencyCode": "EUR",
		"Rating": "95",
		"BannerUrl":"sap/ui/demo/mock/images/portal22.jpg"
	}
]